id,target
img000,street
img001,buildings
img002,buildings
img003,street
img004,glacier
img005,forest
img006,forest
img007,forest
img008,street
img009,buildings
img010,street
img011,street
img012,sea
img013,buildings
img014,sea
img015,mountain
img016,buildings
img017,buildings
img018,buildings
img019,forest
img020,forest
img021,sea
img022,sea
img023,buildings
img024,sea
img025,forest
img026,street
img027,street
img028,street
img029,sea
img030,mountain
img031,forest
img032,mountain
img033,sea
img034,glacier
img035,buildings
img036,forest
img037,street
img038,mountain
img039,glacier
img040,glacier
img041,forest
img042,forest
img043,glacier
img044,buildings
img045,buildings
img046,mountain
img047,buildings
img048,glacier
img049,glacier
img050,sea
img051,glacier
img052,buildings
img053,street
img054,mountain
img055,sea
img056,buildings
img057,mountain
img058,buildings
img059,sea
img060,glacier
img061,street
img062,sea
img063,glacier
img064,sea
img065,forest
img066,street
img067,buildings
img068,buildings
img069,street
img070,forest
img071,glacier
img072,buildings
img073,forest
img074,buildings
img075,mountain
img076,glacier
img077,mountain
img078,street
img079,glacier
img080,forest
img081,glacier
img082,glacier
img083,forest
img084,street
img085,glacier
img086,street
img087,street
img088,street
img089,buildings
img090,sea
img091,street
img092,forest
img093,sea
img094,street
img095,forest
img096,forest
img097,mountain
img098,mountain
img099,glacier
img100,street
img101,street
img102,sea
img103,forest
img104,street
img105,glacier
img106,buildings
img107,forest
img108,buildings
img109,glacier
img110,mountain
img111,glacier
img112,buildings
img113,forest
img114,sea
img115,street
img116,glacier
img117,forest
img118,street
img119,mountain
img120,mountain
img121,street
img122,mountain
img123,forest
img124,glacier
img125,forest
img126,forest
img127,street
img128,sea
img129,sea
img130,glacier
img131,street
img132,sea
img133,mountain
img134,sea
img135,mountain
img136,glacier
img137,forest
img138,forest
img139,sea
img140,mountain
img141,buildings
img142,buildings
img143,buildings
img144,forest
img145,street
img146,forest
img147,street
img148,mountain
img149,sea
img150,buildings
img151,mountain
img152,mountain
img153,sea
img154,mountain
img155,sea
img156,glacier
img157,sea
img158,buildings
img159,street
img160,street
img161,buildings
img162,street
img163,sea
img164,glacier
img165,street
img166,glacier
img167,buildings
img168,glacier
img169,mountain
img170,forest
img171,mountain
img172,buildings
img173,street
img174,street
img175,glacier
img176,sea
img177,forest
img178,sea
img179,buildings
img180,street
img181,glacier
img182,street
img183,sea
img184,sea
img185,forest
img186,forest
img187,glacier
img188,forest
img189,sea
img190,sea
img191,buildings
img192,sea
img193,glacier
img194,mountain
img195,buildings
img196,buildings
img197,glacier
img198,glacier
img199,forest
img200,buildings
img201,forest
img202,sea
img203,buildings
img204,buildings
img205,street
img206,mountain
img207,buildings
img208,sea
img209,forest
img210,forest
img211,street
img212,mountain
img213,sea
img214,forest
img215,glacier
img216,sea
img217,sea
img218,mountain
img219,forest
img220,sea
img221,street
img222,street
img223,forest
img224,street
img225,glacier
img226,mountain
img227,street
img228,street
img229,glacier
img230,mountain
img231,sea
img232,mountain
img233,buildings
img234,forest
img235,forest
img236,buildings
img237,glacier
img238,buildings
img239,sea
img240,sea
img241,forest
img242,sea
img243,forest
img244,buildings
img245,buildings
img246,street
img247,street
img248,buildings
img249,forest
img250,buildings
img251,buildings
img252,glacier
img253,buildings
img254,sea
img255,forest
img256,glacier
img257,street
img258,mountain
img259,forest
img260,sea
img261,forest
img262,street
img263,sea
img264,sea
img265,mountain
img266,forest
img267,mountain
img268,mountain
img269,forest
img270,buildings
img271,buildings
img272,street
img273,mountain
img274,glacier
img275,mountain
img276,mountain
img277,mountain
img278,street
img279,buildings
img280,street
img281,street
img282,street
img283,buildings
img284,buildings
img285,mountain
img286,street
img287,glacier
img288,buildings
img289,forest
img290,forest
img291,forest
img292,sea
img293,mountain
img294,forest
img295,mountain
img296,forest
img297,glacier
img298,mountain
img299,forest
img300,buildings
img301,mountain
img302,sea
img303,buildings
img304,buildings
img305,street
img306,sea
img307,buildings
img308,buildings
img309,forest
img310,forest
img311,mountain
img312,mountain
img313,mountain
img314,forest
img315,mountain
img316,buildings
img317,forest
img318,mountain
img319,buildings
img320,mountain
img321,glacier
img322,mountain
img323,glacier
img324,mountain
img325,street
img326,street
img327,sea
img328,street
img329,street
img330,mountain
img331,forest
img332,forest
img333,glacier
img334,forest
img335,buildings
img336,sea
img337,street
img338,sea
img339,buildings
img340,street
img341,glacier
img342,buildings
img343,buildings
img344,sea
img345,mountain
img346,sea
img347,sea
img348,forest
img349,buildings
img350,sea
img351,buildings
img352,forest
img353,buildings
img354,sea
img355,buildings
img356,street
img357,forest
img358,mountain
img359,buildings
img360,sea
img361,forest
img362,sea
img363,sea
img364,buildings
img365,sea
img366,buildings
img367,mountain
img368,street
img369,sea
img370,sea
img371,sea
img372,glacier
img373,glacier
img374,forest
img375,street
img376,street
img377,glacier
img378,forest
img379,glacier
img380,mountain
img381,forest
img382,street
img383,street
img384,glacier
img385,mountain
img386,glacier
img387,buildings
img388,buildings
img389,mountain
img390,sea
img391,sea
img392,buildings
img393,buildings
img394,sea
img395,forest
img396,sea
img397,glacier
img398,forest
img399,glacier
img400,buildings
img401,forest
img402,glacier
img403,glacier
img404,forest
img405,mountain
img406,sea
img407,street
img408,glacier
img409,sea
img410,street
img411,sea
img412,buildings
img413,street
img414,sea
img415,glacier
img416,street
img417,buildings
img418,forest
img419,glacier
img420,buildings
img421,buildings
img422,street
img423,sea
img424,forest
img425,glacier
img426,glacier
img427,sea
img428,forest
img429,street
img430,glacier
img431,forest
img432,street
img433,street
img434,glacier
img435,sea
img436,mountain
img437,glacier
img438,buildings
img439,buildings
img440,street
img441,mountain
img442,glacier
img443,buildings
img444,buildings
img445,glacier
img446,forest
img447,street
img448,glacier
img449,forest
img450,street
img451,mountain
img452,sea
img453,street
img454,mountain
img455,sea
img456,buildings
img457,buildings
img458,buildings
img459,street
img460,forest
img461,sea
img462,buildings
img463,glacier
img464,sea
img465,sea
img466,forest
img467,mountain
img468,forest
img469,buildings
img470,glacier
img471,glacier
img472,buildings
img473,glacier
img474,forest
img475,street
img476,forest
img477,street
img478,buildings
img479,glacier
img480,sea
img481,mountain
img482,sea
img483,street
img484,forest
img485,forest
img486,forest
img487,forest
img488,mountain
img489,buildings
img490,forest
img491,street
img492,glacier
img493,mountain
img494,street
img495,street
img496,forest
img497,glacier
img498,forest
img499,street
img500,buildings
img501,mountain
img502,buildings
img503,mountain
img504,forest
img505,forest
img506,mountain
img507,glacier
img508,glacier
img509,forest
img510,forest
img511,buildings
img512,street
img513,forest
img514,mountain
img515,glacier
img516,glacier
img517,buildings
img518,glacier
img519,glacier
img520,street
img521,sea
img522,mountain
img523,street
img524,sea
img525,glacier
img526,buildings
img527,buildings
img528,glacier
img529,forest
img530,sea
img531,glacier
img532,buildings
img533,buildings
img534,sea
img535,mountain
img536,glacier
img537,street
img538,glacier
img539,mountain
img540,sea
img541,sea
img542,buildings
img543,mountain
img544,sea
img545,forest
img546,glacier
img547,buildings
img548,street
img549,mountain
img550,buildings
img551,sea
img552,sea
img553,street
img554,street
img555,street
img556,street
img557,street
img558,forest
img559,glacier
img560,mountain
img561,buildings
img562,street
img563,glacier
img564,sea
img565,glacier
img566,street
img567,buildings
img568,street
img569,glacier
img570,sea
img571,glacier
img572,street
img573,mountain
img574,glacier
img575,mountain
img576,street
img577,glacier
img578,sea
img579,forest
img580,forest
img581,mountain
img582,street
img583,mountain
img584,street
img585,street
img586,forest
img587,sea
img588,sea
img589,glacier
img590,mountain
img591,sea
img592,buildings
img593,glacier
img594,glacier
img595,forest
img596,mountain
img597,sea
img598,sea
img599,street
img600,glacier
img601,mountain
img602,mountain
img603,mountain
img604,street
img605,forest
img606,sea
img607,mountain
img608,street
img609,forest
img610,street
img611,buildings
img612,glacier
img613,sea
img614,street
img615,street
img616,sea
img617,glacier
img618,buildings
img619,forest
img620,street
img621,glacier
img622,forest
img623,forest
img624,forest
img625,buildings
img626,buildings
img627,forest
img628,mountain
img629,sea
img630,buildings
img631,mountain
img632,mountain
img633,street
img634,sea
img635,forest
img636,street
img637,street
img638,mountain
img639,mountain
img640,mountain
img641,forest
img642,forest
img643,street
img644,street
img645,buildings
img646,buildings
img647,mountain
img648,forest
img649,forest
img650,street
img651,sea
img652,mountain
img653,buildings
img654,sea
img655,forest
img656,buildings
img657,mountain
img658,forest
img659,mountain
img660,street
img661,sea
img662,sea
img663,sea
img664,glacier
img665,mountain
img666,sea
img667,street
img668,sea
img669,mountain
img670,sea
img671,mountain
img672,forest
img673,street
img674,mountain
img675,mountain
img676,glacier
img677,forest
img678,street
img679,glacier
img680,sea
img681,mountain
img682,street
img683,forest
img684,glacier
img685,mountain
img686,buildings
img687,street
img688,glacier
img689,forest
img690,glacier
img691,glacier
img692,glacier
img693,sea
img694,buildings
img695,forest
img696,forest
img697,forest
img698,mountain
img699,street
img700,forest
img701,street
img702,forest
img703,buildings
img704,mountain
img705,mountain
img706,glacier
img707,sea
img708,mountain
img709,mountain
img710,buildings
img711,forest
img712,mountain
img713,mountain
img714,sea
img715,street
img716,buildings
img717,sea
img718,mountain
img719,mountain
img720,buildings
img721,glacier
img722,glacier
img723,mountain
img724,mountain
img725,sea
img726,street
img727,street
img728,sea
img729,sea
img730,forest
img731,mountain
img732,forest
img733,glacier
img734,mountain
img735,mountain
img736,buildings
img737,mountain
img738,glacier
img739,street
img740,street
img741,mountain
img742,street
img743,forest
img744,mountain
img745,forest
img746,sea
img747,sea
img748,buildings
img749,mountain
img750,sea
img751,sea
img752,street
img753,buildings
img754,buildings
img755,street
img756,mountain
img757,forest
img758,mountain
img759,forest
img760,buildings
img761,glacier
img762,mountain
img763,glacier
img764,forest
img765,mountain
img766,glacier
img767,glacier
img768,mountain
img769,glacier
img770,mountain
img771,glacier
img772,buildings
img773,mountain
img774,buildings
img775,street
img776,sea
img777,buildings
img778,glacier
img779,forest
img780,street
img781,buildings
img782,street
img783,buildings
img784,buildings
img785,forest
img786,forest
img787,buildings
img788,sea
img789,forest
img790,forest
img791,forest
img792,mountain
img793,street
img794,buildings
img795,sea
img796,forest
img797,mountain
img798,street
img799,glacier
img800,glacier
img801,forest
img802,sea
img803,sea
img804,street
img805,street
img806,buildings
img807,forest
img808,glacier
img809,buildings
img810,sea
img811,buildings
img812,glacier
img813,sea
img814,street
img815,mountain
img816,mountain
img817,street
img818,forest
img819,buildings
img820,sea
img821,street
img822,street
img823,forest
img824,buildings
img825,street
img826,glacier
img827,street
img828,sea
img829,buildings
img830,sea
img831,buildings
img832,glacier
img833,sea
img834,mountain
img835,street
img836,glacier
img837,buildings
img838,sea
img839,street
img840,glacier
img841,buildings
img842,mountain
img843,mountain
img844,buildings
img845,mountain
img846,glacier
img847,street
img848,mountain
img849,street
img850,forest
img851,mountain
img852,forest
img853,street
img854,sea
img855,street
img856,glacier
img857,sea
img858,sea
img859,mountain
img860,mountain
img861,mountain
img862,street
img863,sea
img864,glacier
img865,glacier
img866,forest
img867,buildings
img868,glacier
img869,mountain
img870,forest
img871,mountain
img872,sea
img873,sea
img874,street
img875,mountain
img876,glacier
img877,buildings
img878,mountain
img879,glacier
img880,forest
img881,mountain
img882,forest
img883,glacier
img884,glacier
img885,glacier
img886,glacier
img887,sea
img888,street
img889,glacier
img890,sea
img891,buildings
img892,sea
img893,forest
img894,buildings
img895,forest
img896,street
img897,mountain
img898,mountain
img899,sea
img900,forest
img901,street
img902,mountain
img903,street
img904,street
img905,mountain
img906,mountain
img907,buildings
img908,buildings
img909,glacier
img910,forest
img911,mountain
img912,street
img913,forest
img914,glacier
img915,street
img916,sea
img917,glacier
img918,mountain
img919,sea
img920,sea
img921,glacier
img922,mountain
img923,street
img924,sea
img925,glacier
img926,glacier
img927,street
img928,mountain
img929,glacier
img930,glacier
img931,glacier
img932,forest
img933,buildings
img934,street
img935,forest
img936,glacier
img937,buildings
img938,street
img939,sea
img940,street
img941,forest
img942,forest
img943,forest
img944,street
img945,mountain
img946,glacier
img947,street
img948,sea
img949,sea
img950,sea
img951,glacier
img952,buildings
img953,forest
img954,glacier
img955,forest
img956,glacier
img957,forest
img958,glacier
img959,buildings
img960,street
img961,sea
img962,forest
img963,glacier
img964,buildings
img965,buildings
img966,sea
img967,glacier
img968,street
img969,forest
img970,street
img971,mountain
img972,buildings
img973,buildings
img974,sea
img975,glacier
img976,mountain
img977,mountain
img978,mountain
img979,glacier
img980,forest
img981,buildings
img982,glacier
img983,mountain
img984,buildings
img985,buildings
img986,mountain
img987,mountain
img988,buildings
img989,sea
img990,street
img991,street
img992,buildings
img993,forest
img994,forest
img995,sea
img996,glacier
img997,buildings
img998,forest
img999,buildings
img1000,sea
img1001,mountain
img1002,sea
img1003,sea
img1004,sea
img1005,forest
img1006,sea
img1007,mountain
img1008,mountain
img1009,mountain
img1010,glacier
img1011,sea
img1012,mountain
img1013,glacier
img1014,sea
img1015,sea
img1016,buildings
img1017,sea
img1018,street
img1019,buildings
img1020,forest
img1021,street
img1022,forest
img1023,glacier
img1024,street
img1025,buildings
img1026,forest
img1027,forest
img1028,forest
img1029,sea
img1030,buildings
img1031,forest
img1032,buildings
img1033,mountain
img1034,mountain
img1035,street
img1036,sea
img1037,mountain
img1038,glacier
img1039,buildings
img1040,forest
img1041,glacier
img1042,street
img1043,glacier
img1044,street
img1045,mountain
img1046,buildings
img1047,street
img1048,forest
img1049,glacier
img1050,street
img1051,sea
img1052,street
img1053,forest
img1054,mountain
img1055,buildings
img1056,sea
img1057,forest
img1058,street
img1059,forest
img1060,glacier
img1061,forest
img1062,buildings
img1063,buildings
img1064,forest
img1065,glacier
img1066,sea
img1067,street
img1068,sea
img1069,glacier
img1070,mountain
img1071,buildings
img1072,mountain
img1073,street
img1074,glacier
img1075,street
img1076,mountain
img1077,glacier
img1078,sea
img1079,sea
img1080,mountain
img1081,mountain
img1082,buildings
img1083,sea
img1084,buildings
img1085,mountain
img1086,street
img1087,glacier
img1088,sea
img1089,glacier
img1090,buildings
img1091,buildings
img1092,forest
img1093,street
img1094,sea
img1095,sea
img1096,buildings
img1097,street
img1098,glacier
img1099,sea
img1100,buildings
img1101,forest
img1102,mountain
img1103,sea
img1104,street
img1105,mountain
img1106,glacier
img1107,forest
img1108,sea
img1109,mountain
img1110,street
img1111,mountain
img1112,buildings
img1113,mountain
img1114,glacier
img1115,mountain
img1116,glacier
img1117,glacier
img1118,street
img1119,buildings
img1120,forest
img1121,glacier
img1122,mountain
img1123,street
img1124,mountain
img1125,glacier
img1126,street
img1127,mountain
img1128,sea
img1129,buildings
img1130,mountain
img1131,buildings
img1132,glacier
img1133,glacier
img1134,glacier
img1135,buildings
img1136,mountain
img1137,sea
img1138,buildings
img1139,street
img1140,sea
img1141,mountain
img1142,mountain
img1143,buildings
img1144,forest
img1145,sea
img1146,glacier
img1147,sea
img1148,mountain
img1149,street
img1150,mountain
img1151,buildings
img1152,forest
img1153,glacier
img1154,sea
img1155,forest
img1156,glacier
img1157,mountain
img1158,street
img1159,mountain
img1160,buildings
img1161,buildings
img1162,street
img1163,sea
img1164,forest
img1165,street
img1166,forest
img1167,glacier
img1168,sea
img1169,buildings
img1170,sea
img1171,mountain
img1172,buildings
img1173,forest
img1174,buildings
img1175,mountain
img1176,buildings
img1177,street
img1178,forest
img1179,mountain
img1180,street
img1181,glacier
img1182,sea
img1183,street
img1184,glacier
img1185,mountain
img1186,mountain
img1187,mountain
img1188,forest
img1189,mountain
img1190,sea
img1191,forest
img1192,mountain
img1193,forest
img1194,sea
img1195,sea
img1196,street
img1197,forest
img1198,buildings
img1199,glacier
img1200,mountain
img1201,glacier
img1202,sea
img1203,glacier
img1204,buildings
img1205,glacier
img1206,street
img1207,glacier
img1208,sea
img1209,sea
img1210,street
img1211,mountain
img1212,forest
img1213,mountain
img1214,sea
img1215,mountain
img1216,glacier
img1217,glacier
img1218,sea
img1219,sea
img1220,mountain
img1221,mountain
img1222,glacier
img1223,forest
img1224,street
img1225,forest
img1226,sea
img1227,mountain
img1228,forest
img1229,mountain
img1230,buildings
img1231,glacier
img1232,street
img1233,mountain
img1234,street
img1235,mountain
img1236,mountain
img1237,street
img1238,street
img1239,forest
img1240,mountain
img1241,buildings
img1242,forest
img1243,sea
img1244,sea
img1245,glacier
img1246,buildings
img1247,mountain
img1248,buildings
img1249,sea
img1250,mountain
img1251,buildings
img1252,street
img1253,forest
img1254,mountain
img1255,street
img1256,forest
img1257,buildings
img1258,mountain
img1259,glacier
img1260,glacier
img1261,sea
img1262,street
img1263,mountain
img1264,street
img1265,buildings
img1266,glacier
img1267,street
img1268,sea
img1269,mountain
img1270,glacier
img1271,street
img1272,street
img1273,mountain
img1274,sea
img1275,buildings
img1276,sea
img1277,buildings
img1278,forest
img1279,street
img1280,street
img1281,glacier
img1282,forest
img1283,street
img1284,buildings
img1285,mountain
img1286,buildings
img1287,street
img1288,street
img1289,buildings
img1290,mountain
img1291,forest
img1292,street
img1293,glacier
img1294,buildings
img1295,buildings
img1296,glacier
img1297,buildings
img1298,glacier
img1299,glacier
img1300,glacier
img1301,mountain
img1302,forest
img1303,forest
img1304,sea
img1305,mountain
img1306,sea
img1307,street
img1308,forest
img1309,forest
img1310,forest
img1311,buildings
img1312,sea
img1313,mountain
img1314,sea
img1315,street
img1316,forest
img1317,mountain
img1318,sea
img1319,forest
img1320,forest
img1321,mountain
img1322,street
img1323,glacier
img1324,mountain
img1325,glacier
img1326,street
img1327,buildings
img1328,mountain
img1329,glacier
img1330,street
img1331,sea
img1332,forest
img1333,buildings
img1334,mountain
img1335,glacier
img1336,sea
img1337,glacier
img1338,street
img1339,mountain
img1340,street
img1341,glacier
img1342,mountain
img1343,glacier
img1344,forest
img1345,mountain
img1346,mountain
img1347,buildings
img1348,forest
img1349,mountain
img1350,sea
img1351,glacier
img1352,sea
img1353,glacier
img1354,street
img1355,glacier
img1356,buildings
img1357,street
img1358,mountain
img1359,glacier
img1360,buildings
img1361,sea
img1362,street
img1363,street
img1364,buildings
img1365,sea
img1366,street
img1367,mountain
img1368,glacier
img1369,forest
img1370,sea
img1371,glacier
img1372,forest
img1373,street
img1374,forest
img1375,sea
img1376,glacier
img1377,street
img1378,street
img1379,street
img1380,street
img1381,forest
img1382,street
img1383,buildings
img1384,street
img1385,street
img1386,buildings
img1387,glacier
img1388,mountain
img1389,buildings
img1390,sea
img1391,glacier
img1392,street
img1393,forest
img1394,buildings
img1395,glacier
img1396,glacier
img1397,street
img1398,mountain
img1399,forest
img1400,forest
img1401,forest
img1402,sea
img1403,glacier
img1404,sea
img1405,sea
img1406,glacier
img1407,forest
img1408,glacier
img1409,mountain
img1410,glacier
img1411,street
img1412,glacier
img1413,buildings
img1414,mountain
img1415,buildings
img1416,forest
img1417,forest
img1418,street
img1419,street
img1420,street
img1421,mountain
img1422,sea
img1423,glacier
img1424,buildings
img1425,mountain
img1426,buildings
img1427,glacier
img1428,sea
img1429,buildings
img1430,mountain
img1431,glacier
img1432,street
img1433,street
img1434,street
img1435,glacier
img1436,sea
img1437,mountain
img1438,street
img1439,glacier
img1440,buildings
img1441,street
img1442,forest
img1443,mountain
img1444,buildings
img1445,sea
img1446,sea
img1447,glacier
img1448,sea
img1449,forest
img1450,street
img1451,buildings
img1452,street
img1453,mountain
img1454,street
img1455,glacier
img1456,street
img1457,mountain
img1458,buildings
img1459,forest
img1460,buildings
img1461,buildings
img1462,glacier
img1463,mountain
img1464,buildings
img1465,buildings
img1466,forest
img1467,sea
img1468,forest
img1469,mountain
img1470,mountain
img1471,glacier
img1472,street
img1473,street
img1474,street
img1475,sea
img1476,mountain
img1477,sea
img1478,street
img1479,street
img1480,forest
img1481,mountain
img1482,street
img1483,buildings
img1484,mountain
img1485,sea
img1486,mountain
img1487,glacier
img1488,buildings
img1489,street
img1490,glacier
img1491,forest
img1492,mountain
img1493,mountain
img1494,forest
img1495,glacier
img1496,buildings
img1497,street
img1498,glacier
img1499,sea
img1500,street
img1501,glacier
img1502,buildings
img1503,mountain
img1504,glacier
img1505,forest
img1506,buildings
img1507,mountain
img1508,buildings
img1509,street
img1510,forest
img1511,street
img1512,street
img1513,sea
img1514,buildings
img1515,buildings
img1516,glacier
img1517,forest
img1518,forest
img1519,sea
img1520,forest
img1521,buildings
img1522,sea
img1523,forest
img1524,sea
img1525,forest
img1526,forest
img1527,glacier
img1528,forest
img1529,sea
img1530,buildings
img1531,glacier
img1532,forest
img1533,forest
img1534,sea
img1535,glacier
img1536,forest
img1537,buildings
img1538,street
img1539,buildings
img1540,forest
img1541,buildings
img1542,glacier
img1543,forest
img1544,sea
img1545,glacier
img1546,buildings
img1547,forest
img1548,glacier
img1549,buildings
img1550,forest
img1551,street
img1552,mountain
img1553,sea
img1554,buildings
img1555,street
img1556,buildings
img1557,mountain
img1558,mountain
img1559,glacier
img1560,sea
img1561,sea
img1562,buildings
img1563,mountain
img1564,sea
img1565,forest
img1566,sea
img1567,buildings
img1568,street
img1569,street
img1570,sea
img1571,glacier
img1572,mountain
img1573,street
img1574,buildings
img1575,buildings
img1576,mountain
img1577,mountain
img1578,mountain
img1579,street
img1580,buildings
img1581,mountain
img1582,street
img1583,mountain
img1584,buildings
img1585,buildings
img1586,glacier
img1587,sea
img1588,forest
img1589,buildings
img1590,forest
img1591,glacier
img1592,sea
img1593,street
img1594,sea
img1595,sea
img1596,street
img1597,glacier
img1598,mountain
img1599,sea
img1600,sea
img1601,glacier
img1602,mountain
img1603,sea
img1604,sea
img1605,mountain
img1606,buildings
img1607,street
img1608,buildings
img1609,street
img1610,street
img1611,sea
img1612,street
img1613,forest
img1614,mountain
img1615,mountain
img1616,forest
img1617,mountain
img1618,glacier
img1619,mountain
img1620,mountain
img1621,mountain
img1622,street
img1623,buildings
img1624,glacier
img1625,mountain
img1626,glacier
img1627,street
img1628,glacier
img1629,glacier
img1630,forest
img1631,street
img1632,mountain
img1633,buildings
img1634,buildings
img1635,buildings
img1636,buildings
img1637,mountain
img1638,buildings
img1639,street
img1640,street
img1641,glacier
img1642,forest
img1643,sea
img1644,buildings
img1645,sea
img1646,sea
img1647,sea
img1648,glacier
img1649,street
img1650,buildings
img1651,mountain
img1652,glacier
img1653,street
img1654,mountain
img1655,street
img1656,buildings
img1657,glacier
img1658,sea
img1659,glacier
img1660,glacier
img1661,buildings
img1662,sea
img1663,sea
img1664,forest
img1665,forest
img1666,street
img1667,mountain
img1668,forest
img1669,buildings
img1670,glacier
img1671,sea
img1672,glacier
img1673,buildings
img1674,glacier
img1675,sea
img1676,forest
img1677,mountain
img1678,sea
img1679,sea
img1680,sea
img1681,street
img1682,street
img1683,sea
img1684,buildings
img1685,sea
img1686,street
img1687,street
img1688,glacier
img1689,buildings
img1690,forest
img1691,glacier
img1692,street
img1693,glacier
img1694,glacier
img1695,glacier
img1696,buildings
img1697,forest
img1698,forest
img1699,sea
img1700,street
img1701,mountain
img1702,buildings
img1703,forest
img1704,street
img1705,street
img1706,buildings
img1707,buildings
img1708,street
img1709,sea
img1710,forest
img1711,mountain
img1712,mountain
img1713,mountain
img1714,glacier
img1715,forest
img1716,glacier
img1717,glacier
img1718,street
img1719,glacier
img1720,sea
img1721,sea
img1722,buildings
img1723,buildings
img1724,forest
img1725,forest
img1726,sea
img1727,buildings
img1728,street
img1729,buildings
img1730,glacier
img1731,mountain
img1732,street
img1733,mountain
img1734,mountain
img1735,sea
img1736,mountain
img1737,mountain
img1738,glacier
img1739,forest
img1740,sea
img1741,buildings
img1742,glacier
img1743,mountain
img1744,buildings
img1745,glacier
img1746,street
img1747,street
img1748,sea
img1749,mountain
img1750,sea
img1751,street
img1752,glacier
img1753,buildings
img1754,forest
img1755,mountain
img1756,sea
img1757,buildings
img1758,buildings
img1759,forest
img1760,glacier
img1761,forest
img1762,forest
img1763,glacier
img1764,glacier
img1765,glacier
img1766,buildings
img1767,buildings
img1768,mountain
img1769,street
img1770,mountain
img1771,forest
img1772,forest
img1773,mountain
img1774,sea
img1775,street
img1776,forest
img1777,sea
img1778,sea
img1779,street
img1780,glacier
img1781,buildings
img1782,mountain
img1783,street
img1784,buildings
img1785,mountain
img1786,buildings
img1787,mountain
img1788,buildings
img1789,glacier
img1790,sea
img1791,mountain
img1792,sea
img1793,mountain
img1794,street
img1795,street
img1796,mountain
img1797,glacier
img1798,buildings
img1799,mountain
img1800,buildings
img1801,glacier
img1802,forest
img1803,sea
img1804,mountain
img1805,street
img1806,glacier
img1807,buildings
img1808,mountain
img1809,buildings
img1810,forest
img1811,mountain
img1812,sea
img1813,mountain
img1814,sea
img1815,buildings
img1816,mountain
img1817,glacier
img1818,street
img1819,glacier
img1820,forest
img1821,glacier
img1822,forest
img1823,buildings
img1824,sea
img1825,street
img1826,buildings
img1827,sea
img1828,sea
img1829,forest
img1830,glacier
img1831,glacier
img1832,street
img1833,street
img1834,forest
img1835,forest
img1836,buildings
img1837,forest
img1838,glacier
img1839,forest
img1840,forest
img1841,sea
img1842,forest
img1843,street
img1844,buildings
img1845,forest
img1846,street
img1847,mountain
img1848,mountain
img1849,sea
img1850,sea
img1851,mountain
img1852,street
img1853,sea
img1854,street
img1855,street
img1856,sea
img1857,glacier
img1858,street
img1859,glacier
img1860,forest
img1861,mountain
img1862,buildings
img1863,mountain
img1864,mountain
img1865,street
img1866,glacier
img1867,glacier
img1868,sea
img1869,buildings
img1870,glacier
img1871,sea
img1872,buildings
img1873,glacier
img1874,mountain
img1875,mountain
img1876,buildings
img1877,buildings
img1878,glacier
img1879,glacier
img1880,buildings
img1881,street
img1882,buildings
img1883,sea
img1884,sea
img1885,sea
img1886,mountain
img1887,mountain
img1888,sea
img1889,sea
img1890,street
img1891,buildings
img1892,mountain
img1893,sea
img1894,street
img1895,forest
img1896,glacier
img1897,sea
img1898,mountain
img1899,sea
img1900,forest
img1901,buildings
img1902,mountain
img1903,buildings
img1904,glacier
img1905,street
img1906,buildings
img1907,sea
img1908,street
img1909,forest
img1910,buildings
img1911,forest
img1912,street
img1913,mountain
img1914,mountain
img1915,sea
img1916,sea
img1917,sea
img1918,forest
img1919,glacier
img1920,glacier
img1921,glacier
img1922,mountain
img1923,mountain
img1924,glacier
img1925,street
img1926,sea
img1927,buildings
img1928,street
img1929,street
img1930,glacier
img1931,buildings
img1932,glacier
img1933,buildings
img1934,sea
img1935,street
img1936,mountain
img1937,glacier
img1938,glacier
img1939,street
img1940,street
img1941,sea
img1942,forest
img1943,glacier
img1944,buildings
img1945,sea
img1946,street
img1947,forest
img1948,glacier
img1949,glacier
img1950,street
img1951,street
img1952,street
img1953,mountain
img1954,forest
img1955,sea
img1956,street
img1957,buildings
img1958,glacier
img1959,sea
img1960,mountain
img1961,street
img1962,glacier
img1963,forest
img1964,street
img1965,street
img1966,street
img1967,street
img1968,sea
img1969,buildings
img1970,street
img1971,street
img1972,mountain
img1973,sea
img1974,glacier
img1975,buildings
img1976,glacier
img1977,glacier
img1978,forest
img1979,forest
img1980,glacier
img1981,mountain
img1982,forest
img1983,forest
img1984,forest
img1985,forest
img1986,buildings
img1987,glacier
img1988,buildings
img1989,sea
img1990,sea
img1991,street
img1992,sea
img1993,buildings
img1994,street
img1995,glacier
img1996,sea
img1997,forest
img1998,sea
img1999,mountain
img2000,forest
img2001,forest
img2002,forest
img2003,street
img2004,sea
img2005,forest
img2006,street
img2007,mountain
img2008,buildings
img2009,mountain
img2010,glacier
img2011,street
img2012,street
img2013,forest
img2014,mountain
img2015,sea
img2016,glacier
img2017,street
img2018,mountain
img2019,forest
img2020,sea
img2021,forest
img2022,glacier
img2023,mountain
img2024,forest
img2025,glacier
img2026,street
img2027,sea
img2028,mountain
img2029,mountain
img2030,glacier
img2031,mountain
img2032,sea
img2033,sea
img2034,mountain
img2035,forest
img2036,forest
img2037,sea
img2038,forest
img2039,glacier
img2040,buildings
img2041,street
img2042,mountain
img2043,glacier
img2044,sea
img2045,buildings
img2046,street
img2047,sea
img2048,buildings
img2049,glacier
img2050,buildings
img2051,forest
img2052,glacier
img2053,mountain
img2054,sea
img2055,forest
img2056,mountain
img2057,buildings
img2058,forest
img2059,mountain
img2060,glacier
img2061,buildings
img2062,mountain
img2063,buildings
img2064,mountain
img2065,sea
img2066,glacier
img2067,forest
img2068,mountain
img2069,buildings
img2070,glacier
img2071,forest
img2072,buildings
img2073,glacier
img2074,buildings
img2075,street
img2076,street
img2077,glacier
img2078,forest
img2079,forest
img2080,buildings
img2081,glacier
img2082,mountain
img2083,street
img2084,forest
img2085,street
img2086,mountain
img2087,mountain
img2088,sea
img2089,buildings
img2090,buildings
img2091,buildings
img2092,glacier
img2093,forest
img2094,forest
img2095,sea
img2096,street
img2097,sea
img2098,sea
img2099,mountain
img2100,buildings
img2101,glacier
img2102,forest
img2103,glacier
img2104,buildings
img2105,buildings
img2106,forest
img2107,mountain
img2108,street
img2109,sea
img2110,mountain
img2111,buildings
img2112,buildings
img2113,mountain
img2114,sea
img2115,sea
img2116,buildings
img2117,street
img2118,sea
img2119,sea
img2120,forest
img2121,street
img2122,forest
img2123,glacier
img2124,mountain
img2125,buildings
img2126,sea
img2127,glacier
img2128,forest
img2129,sea
img2130,mountain
img2131,forest
img2132,street
img2133,street
img2134,buildings
img2135,sea
img2136,glacier
img2137,buildings
img2138,sea
img2139,sea
img2140,sea
img2141,sea
img2142,sea
img2143,buildings
img2144,mountain
img2145,mountain
img2146,buildings
img2147,street
img2148,mountain
img2149,glacier
img2150,glacier
img2151,street
img2152,buildings
img2153,glacier
img2154,buildings
img2155,glacier
img2156,forest
img2157,street
img2158,street
img2159,street
img2160,buildings
img2161,sea
img2162,street
img2163,glacier
img2164,forest
img2165,buildings
img2166,glacier
img2167,sea
img2168,glacier
img2169,street
img2170,forest
img2171,street
img2172,mountain
img2173,street
img2174,mountain
img2175,street
img2176,forest
img2177,forest
img2178,buildings
img2179,street
img2180,mountain
img2181,buildings
img2182,glacier
img2183,forest
img2184,buildings
img2185,forest
img2186,buildings
img2187,glacier
img2188,glacier
img2189,sea
img2190,mountain
img2191,sea
img2192,mountain
img2193,glacier
img2194,buildings
img2195,street
img2196,forest
img2197,glacier
img2198,glacier
img2199,buildings
img2200,street
img2201,glacier
img2202,glacier
img2203,buildings
img2204,glacier
img2205,mountain
img2206,mountain
img2207,street
img2208,mountain
img2209,mountain
img2210,glacier
img2211,forest
img2212,mountain
img2213,street
img2214,mountain
img2215,glacier
img2216,sea
img2217,glacier
img2218,buildings
img2219,street
img2220,mountain
img2221,buildings
img2222,mountain
img2223,sea
img2224,forest
img2225,sea
img2226,glacier
img2227,glacier
img2228,buildings
img2229,buildings
img2230,glacier
img2231,street
img2232,glacier
img2233,glacier
img2234,mountain
img2235,sea
img2236,street
img2237,mountain
img2238,forest
img2239,street
img2240,mountain
img2241,glacier
img2242,mountain
img2243,buildings
img2244,street
img2245,glacier
img2246,sea
img2247,mountain
img2248,glacier
img2249,street
img2250,buildings
img2251,buildings
img2252,street
img2253,street
img2254,mountain
img2255,glacier
img2256,sea
img2257,street
img2258,street
img2259,forest
img2260,buildings
img2261,forest
img2262,sea
img2263,street
img2264,mountain
img2265,buildings
img2266,forest
img2267,buildings
img2268,forest
img2269,street
img2270,glacier
img2271,glacier
img2272,mountain
img2273,sea
img2274,buildings
img2275,sea
img2276,forest
img2277,street
img2278,mountain
img2279,glacier
img2280,glacier
img2281,mountain
img2282,buildings
img2283,sea
img2284,forest
img2285,sea
img2286,glacier
img2287,mountain
img2288,glacier
img2289,street
img2290,glacier
img2291,forest
img2292,buildings
img2293,buildings
img2294,street
img2295,forest
img2296,mountain
img2297,sea
img2298,mountain
img2299,sea
img2300,buildings
img2301,glacier
img2302,glacier
img2303,street
img2304,mountain
img2305,forest
img2306,sea
img2307,glacier
img2308,street
img2309,mountain
img2310,forest
img2311,buildings
img2312,forest
img2313,buildings
img2314,mountain
img2315,forest
img2316,street
img2317,mountain
img2318,buildings
img2319,street
img2320,glacier
img2321,street
img2322,glacier
img2323,street
img2324,buildings
img2325,sea
img2326,sea
img2327,glacier
img2328,glacier
img2329,forest
img2330,street
img2331,street
img2332,street
img2333,street
img2334,forest
img2335,glacier
img2336,sea
img2337,forest
img2338,buildings
img2339,forest
img2340,forest
img2341,forest
img2342,mountain
img2343,buildings
img2344,glacier
img2345,sea
img2346,sea
img2347,glacier
img2348,mountain
img2349,sea
img2350,forest
img2351,sea
img2352,buildings
img2353,buildings
img2354,glacier
img2355,mountain
img2356,street
img2357,street
img2358,mountain
img2359,sea
img2360,mountain
img2361,mountain
img2362,sea
img2363,buildings
img2364,forest
img2365,glacier
img2366,street
img2367,buildings
img2368,mountain
img2369,mountain
img2370,street
img2371,sea
img2372,glacier
img2373,forest
img2374,sea
img2375,street
img2376,sea
img2377,forest
img2378,forest
img2379,mountain
img2380,sea
img2381,buildings
img2382,buildings
img2383,sea
img2384,forest
img2385,glacier
img2386,forest
img2387,forest
img2388,glacier
img2389,street
img2390,forest
img2391,glacier
img2392,sea
img2393,glacier
img2394,buildings
img2395,glacier
img2396,forest
img2397,street
img2398,sea
img2399,glacier
img2400,forest
img2401,street
img2402,glacier
img2403,sea
img2404,sea
img2405,buildings
img2406,sea
img2407,street
img2408,forest
img2409,sea
img2410,sea
img2411,forest
img2412,forest
img2413,street
img2414,sea
img2415,street
img2416,sea
img2417,glacier
img2418,sea
img2419,buildings
img2420,buildings
img2421,buildings
img2422,buildings
img2423,street
img2424,sea
img2425,glacier
img2426,street
img2427,forest
img2428,sea
img2429,mountain
img2430,sea
img2431,street
img2432,buildings
img2433,mountain
img2434,street
img2435,sea
img2436,glacier
img2437,street
img2438,glacier
img2439,mountain
img2440,forest
img2441,street
img2442,mountain
img2443,glacier
img2444,mountain
img2445,buildings
img2446,street
img2447,buildings
img2448,forest
img2449,mountain
img2450,mountain
img2451,mountain
img2452,mountain
img2453,forest
img2454,glacier
img2455,sea
img2456,forest
img2457,glacier
img2458,street
img2459,glacier
img2460,street
img2461,glacier
img2462,mountain
img2463,forest
img2464,glacier
img2465,sea
img2466,sea
img2467,buildings
img2468,glacier
img2469,forest
img2470,mountain
img2471,buildings
img2472,glacier
img2473,mountain
img2474,forest
img2475,forest
img2476,buildings
img2477,buildings
img2478,glacier
img2479,mountain
img2480,sea
img2481,mountain
img2482,forest
img2483,forest
img2484,glacier
img2485,sea
img2486,street
img2487,glacier
img2488,forest
img2489,forest
img2490,mountain
img2491,sea
img2492,mountain
img2493,mountain
img2494,glacier
img2495,mountain
img2496,buildings
img2497,buildings
img2498,mountain
img2499,sea
img2500,mountain
img2501,forest
img2502,forest
img2503,sea
img2504,glacier
img2505,buildings
img2506,buildings
img2507,glacier
img2508,mountain
img2509,sea
img2510,street
img2511,street
img2512,mountain
img2513,glacier
img2514,sea
img2515,buildings
img2516,buildings
img2517,mountain
img2518,forest
img2519,glacier
img2520,street
img2521,glacier
img2522,mountain
img2523,glacier
img2524,buildings
img2525,mountain
img2526,buildings
img2527,sea
img2528,sea
img2529,forest
img2530,glacier
img2531,sea
img2532,glacier
img2533,buildings
img2534,mountain
img2535,sea
img2536,mountain
img2537,sea
img2538,glacier
img2539,sea
img2540,street
img2541,sea
img2542,buildings
img2543,forest
img2544,buildings
img2545,mountain
img2546,glacier
img2547,glacier
img2548,sea
img2549,glacier
img2550,forest
img2551,forest
img2552,sea
img2553,sea
img2554,mountain
img2555,sea
img2556,buildings
img2557,buildings
img2558,buildings
img2559,forest
img2560,street
img2561,glacier
img2562,mountain
img2563,sea
img2564,mountain
img2565,forest
img2566,sea
img2567,sea
img2568,forest
img2569,glacier
img2570,sea
img2571,glacier
img2572,forest
img2573,mountain
img2574,sea
img2575,street
img2576,glacier
img2577,sea
img2578,glacier
img2579,sea
img2580,sea
img2581,sea
img2582,mountain
img2583,street
img2584,sea
img2585,glacier
img2586,mountain
img2587,buildings
img2588,glacier
img2589,glacier
img2590,street
img2591,buildings
img2592,mountain
img2593,sea
img2594,glacier
img2595,street
img2596,street
img2597,street
img2598,buildings
img2599,sea
img2600,mountain
img2601,glacier
img2602,street
img2603,sea
img2604,sea
img2605,forest
img2606,street
img2607,buildings
img2608,sea
img2609,mountain
img2610,forest
img2611,sea
img2612,street
img2613,street
img2614,sea
img2615,mountain
img2616,forest
img2617,street
img2618,forest
img2619,buildings
img2620,sea
img2621,street
img2622,buildings
img2623,forest
img2624,buildings
img2625,mountain
img2626,glacier
img2627,mountain
img2628,forest
img2629,mountain
img2630,street
img2631,forest
img2632,mountain
img2633,sea
img2634,sea
img2635,mountain
img2636,street
img2637,street
img2638,buildings
img2639,street
img2640,forest
img2641,sea
img2642,forest
img2643,sea
img2644,glacier
img2645,street
img2646,mountain
img2647,sea
img2648,mountain
img2649,glacier
img2650,forest
img2651,mountain
img2652,sea
img2653,glacier
img2654,sea
img2655,glacier
img2656,street
img2657,street
img2658,street
img2659,street
img2660,street
img2661,glacier
img2662,sea
img2663,mountain
img2664,forest
img2665,forest
img2666,glacier
img2667,sea
img2668,glacier
img2669,forest
img2670,glacier
img2671,glacier
img2672,street
img2673,forest
img2674,street
img2675,street
img2676,mountain
img2677,glacier
img2678,mountain
img2679,glacier
img2680,sea
img2681,street
img2682,glacier
img2683,glacier
img2684,buildings
img2685,sea
img2686,street
img2687,sea
img2688,mountain
img2689,mountain
img2690,glacier
img2691,forest
img2692,glacier
img2693,buildings
img2694,glacier
img2695,street
img2696,buildings
img2697,glacier
img2698,mountain
img2699,street
img2700,glacier
img2701,street
img2702,mountain
img2703,forest
img2704,forest
img2705,sea
img2706,glacier
img2707,sea
img2708,street
img2709,glacier
img2710,forest
img2711,buildings
img2712,sea
img2713,street
img2714,sea
img2715,forest
img2716,forest
img2717,buildings
img2718,street
img2719,sea
img2720,forest
img2721,street
img2722,forest
img2723,buildings
img2724,buildings
img2725,mountain
img2726,glacier
img2727,street
img2728,mountain
img2729,buildings
img2730,street
img2731,forest
img2732,buildings
img2733,sea
img2734,forest
img2735,mountain
img2736,street
img2737,mountain
img2738,mountain
img2739,street
img2740,forest
img2741,glacier
img2742,glacier
img2743,glacier
img2744,street
img2745,buildings
img2746,buildings
img2747,street
img2748,sea
img2749,forest
img2750,sea
img2751,street
img2752,street
img2753,buildings
img2754,forest
img2755,mountain
img2756,forest
img2757,buildings
img2758,mountain
img2759,mountain
img2760,forest
img2761,street
img2762,glacier
img2763,buildings
img2764,buildings
img2765,glacier
img2766,sea
img2767,sea
img2768,buildings
img2769,glacier
img2770,glacier
img2771,mountain
img2772,street
img2773,sea
img2774,sea
img2775,mountain
img2776,forest
img2777,sea
img2778,mountain
img2779,glacier
img2780,forest
img2781,buildings
img2782,glacier
img2783,forest
img2784,street
img2785,mountain
img2786,street
img2787,glacier
img2788,street
img2789,forest
img2790,buildings
img2791,street
img2792,glacier
img2793,glacier
img2794,sea
img2795,street
img2796,forest
img2797,forest
img2798,sea
img2799,street
img2800,mountain
img2801,mountain
img2802,sea
img2803,glacier
img2804,buildings
img2805,mountain
img2806,street
img2807,buildings
img2808,forest
img2809,forest
img2810,mountain
img2811,glacier
img2812,forest
img2813,buildings
img2814,glacier
img2815,mountain
img2816,forest
img2817,mountain
img2818,glacier
img2819,glacier
img2820,glacier
img2821,sea
img2822,street
img2823,sea
img2824,buildings
img2825,glacier
img2826,street
img2827,glacier
img2828,street
img2829,forest
img2830,buildings
img2831,street
img2832,buildings
img2833,mountain
img2834,glacier
img2835,forest
img2836,mountain
img2837,street
img2838,sea
img2839,street
img2840,glacier
img2841,street
img2842,buildings
img2843,street
img2844,glacier
img2845,glacier
img2846,sea
img2847,forest
img2848,forest
img2849,forest
img2850,mountain
img2851,forest
img2852,mountain
img2853,street
img2854,sea
img2855,glacier
img2856,mountain
img2857,street
img2858,sea
img2859,mountain
img2860,sea
img2861,street
img2862,forest
img2863,forest
img2864,street
img2865,sea
img2866,buildings
img2867,sea
img2868,mountain
img2869,sea
img2870,street
img2871,glacier
img2872,buildings
img2873,sea
img2874,buildings
img2875,buildings
img2876,sea
img2877,sea
img2878,forest
img2879,sea
img2880,sea
img2881,forest
img2882,forest
img2883,glacier
img2884,sea
img2885,mountain
img2886,buildings
img2887,street
img2888,forest
img2889,street
img2890,sea
img2891,mountain
img2892,buildings
img2893,sea
img2894,mountain
img2895,buildings
img2896,mountain
img2897,forest
img2898,sea
img2899,mountain
img2900,mountain
img2901,sea
img2902,buildings
img2903,sea
img2904,mountain
img2905,street
img2906,glacier
img2907,street
img2908,buildings
img2909,mountain
img2910,glacier
img2911,buildings
img2912,street
img2913,forest
img2914,sea
img2915,buildings
img2916,buildings
img2917,mountain
img2918,glacier
img2919,street
img2920,buildings
img2921,sea
img2922,buildings
img2923,buildings
img2924,mountain
img2925,buildings
img2926,glacier
img2927,mountain
img2928,forest
img2929,forest
img2930,street
img2931,street
img2932,street
img2933,mountain
img2934,glacier
img2935,mountain
img2936,mountain
img2937,mountain
img2938,mountain
img2939,buildings
img2940,street
img2941,street
img2942,sea
img2943,forest
img2944,street
img2945,glacier
img2946,buildings
img2947,forest
img2948,sea
img2949,mountain
img2950,sea
img2951,forest
img2952,street
img2953,forest
img2954,buildings
img2955,buildings
img2956,glacier
img2957,mountain
img2958,street
img2959,street
img2960,sea
img2961,mountain
img2962,sea
img2963,mountain
img2964,forest
img2965,forest
img2966,mountain
img2967,glacier
img2968,forest
img2969,glacier
img2970,forest
img2971,street
img2972,buildings
img2973,buildings
img2974,street
img2975,mountain
img2976,sea
img2977,buildings
img2978,forest
img2979,forest
img2980,buildings
img2981,buildings
img2982,sea
img2983,buildings
img2984,mountain
img2985,sea
img2986,street
img2987,street
img2988,buildings
img2989,forest
img2990,street
img2991,buildings
img2992,mountain
img2993,mountain
img2994,forest
img2995,sea
img2996,forest
img2997,buildings
img2998,forest
img2999,sea
